Party,Staff Member,Time,Item to Give
Arden,Maddox Lynne,Contact,--
Arden,Ursula Smirch,2nd Friday,--
Arden,Kismet O'Connor,3rd Friday,--
Arden,Dominique Bliss,4th Friday,list of items
Arden,Kira,1st Saturday,locus root
Arden,Nix Valerius,"8:30am-4pm, 10:15pm-12am",black diamond shards
Arden,Kazmira,"11am-5pm, 10:15pm-12am",cowry shell
Arden,Lena Hawk,"12pm-7:15pm, 10:15pm-12am",spiritstone
Arden,Harrison Armstrong,"10am-12pm, 2pm-7pm",star of direction
Arden,John Doe,"10am-2pm, 4pm-5:30pm, 10:15pm-12am",chaos pendant
Arden,Etta Mae Stapleton,"10am-3pm, 5pm-7:30pm, 10:15pm-12am",riverglass jewelbox
Arden,Denison Bannister,12pm-7:15pm,none until tomorrow
Arden,Ghost Theater,4-7pm (last entry at 6:45pm),limelight
Arden,Denison Bannister,9:45am Sunday,argentum heart
Arden,battling Morgoth for the Sconce of the Wood,10am Sunday,--
Arden,riddle item found?,--,--
Clairia,Dex Dempsey,Contact,--
Clairia,Bazooka,2nd Friday,--
Clairia,Chester Valerius,3rd Friday,--
Clairia,Daphne Dalrymple,4th Friday,list of items
Clairia,Evelyn,1st Saturday,phoenix egg
Clairia,Kable Worldwatcher,10am-4pm,featherflame herb
Clairia,Sonja Eastwind,"10am-4pm, 10:15pm-12am",fool's gold
Clairia,Septimus Quill,"10am-4pm, 10:15pm-12am",none until tomorrow
Clairia,Trent Caldwell,"8am-2pm, 4pm-7:15pm, 10:15pm-12am",gold essence
Clairia,Jacob Constantine,"8am-11am, 1pm-4pm",carbon key
Clairia,Morrissey Grimwood,"10am-4pm, 10:15pm-12am",winterheart gem
Clairia,Solomon Stillwater,"8am-10am, 12pm-4pm, 10:15pm-12am",dragon's-egg ring
Clairia,the Court of Mirrors,4-7pm (last entry at 6:45pm),favor from the Court of Mirrors
Clairia,Septimus Quill,10am Sunday,silver snowflake amulets
Clairia,summoning the Staff of Ignatius and Ignatius himself,10:15am Sunday,--
Clairia,riddle item found?,--,--
Doloron,Dimitri,Contact,--
Doloron,Denison Bannister,2nd Friday,--
Doloron,Kyson Wayseeker,3rd Friday,--
Doloron,Kiko Truthspeaker,4th Friday,list of items
Doloron,Kismet O'Connor,1st Saturday,seafoam sphere
Doloron,Carmen,"10am-4pm, 6pm-7:30pm, 10:15pm-12am",silver incense burner
Doloron,Chester Valerius,"11am-4pm, 10:15pm-12am",whiteleaf sage
Doloron,Elliot Ash,"8am-3pm, 10:15pm-12am",water from the River Sigh
Doloron,Phaedra Pax,"11am-4pm, 10:15pm-12am",snakes-eye talisman
Doloron,Edwina Duttmiler,"8:30am-2pm, 10:15pm-12am",signalstone ring
Doloron,Bitty Smirch,"8am-11am, 1pm-5pm",gemwing butterfly
Doloron,Cade Wyatt,4-7pm (last entry at 6:45pm),folly dust
Doloron,Chester Valerius,9:45am Sunday,merula-fruit cordial
Doloron,conjuring the pixie dust,10am Sunday,--
Doloron,riddle item found?,--,--
Elsewhich,Hazel Hess,Contact,--
Elsewhich,Magnolia,2nd Friday,--
Elsewhich,Kira,3rd Friday,--
Elsewhich,Kerrick Dealbinder,4th Friday,list of items
Elsewhich,Gabriela Valerius,1st Saturday,heliotrope candle
Elsewhich,Wren Sorenson,"11am-5pm, 10:15pm-12am",doveroot seeds
Elsewhich,Tinker Bill,"12pm-7:15pm, 10:15pm-12am",none until tomorrow
Elsewhich,Throg,"8am-3pm, 10:15pm-12am",crummy magic chalice
Elsewhich,Beckett Knightsbridge,"10am-4pm, 5:30pm-7:15pm, 10:15pm-12am",gold laceleaf pendant
Elsewhich,Maddox Lynne,"10am-4pm, 10:15pm-12am",gospel weed
Elsewhich,Dex Dempsey,"8am-1pm, 3pm-5:30pm",amethyst obelisk
Elsewhich,Cat Morse,8am-1pm,cats-eye jewelbox
Elsewhich,Ghost Theater,4-7pm (last entry at 6:45pm),limelight
Elsewhich,Tinker Bill,9:45am Sunday,Elsewhichian wine
Elsewhich,consecrating the magical healing cup with Kira,10am Sunday,--
Elsewhich,riddle item found?,--,--
Glendeep,Leo North,Contact,--
Glendeep,Harrison Armstrong,2nd Friday,--
Glendeep,Evelyn,3rd Friday,--
Glendeep,Jonathan,4th Friday,list of items
Glendeep,Cade Wyatt,1st Saturday,devil's-fire whiskey
Glendeep,Bethany Bradford,"8am-12pm, 2pm-5:30pm, 10:15pm-12am",rose-quartz orb
Glendeep,Cassidy Adams,"8am-11am, 1pm-7:15pm, 10:15pm-12am",none (she'll meet them at 9:30am in the tavern wearing the shadow ward)
Glendeep,Acadia Glen,"8am-2pm, 4pm-7pm, 10:15pm-12am",ghost key
Glendeep,Trina Sunday,"8am-2pm, 10:15pm-12am",revel's cup
Glendeep,Beck,"8am-3pm, 5pm-7:30pm, 10:15pm-12am",brimstone egg
Glendeep,Natasha,"8am-2pm, 10:15pm-12am",viper's-eye pendant
Glendeep,Kyli Talespinner,10am-4pm,spring tambourine
Glendeep,Cade Wyatt,4-7pm (last entry at 6:45pm),folly dust
Glendeep,Cassidy Adams (,9:30am Sunday,--
Glendeep,doing the Ritual of Reclamation,9:45am Sunday,--
Glendeep,riddle item found?,--,--
Keer,Wren Sorenson,Contact,--
Keer,Kyli Talespinner,2nd Friday,--
Keer,Throg,3rd Friday,--
Keer,Winky Butterman,4th Friday,list of items
Keer,Sergei,1st Saturday,perfect sphere of air bubble necklace
Keer,Seth Cove,"8am-12pm, 2pm-4pm",perfect sphere of water bottle
Keer,Kisa V'noth,"8:30am-4pm, 10:15pm-12am",none until tomorrow
Keer,Kyson Wayseeker,"8am-2pm, 10:15pm-12am",perfect sphere of earth stone orb
Keer,Jebediah Dithers,"8am-12pm, 2pm-4pm",nightstone ring
Keer,Brent Bradford,"8am-10am, 2pm-7:15pm, 10:15pm-12am",ring set with a glimmergem
Keer,Bumble,"8am-10am, 2pm-7:15pm, 10:15pm-12am",fortune's wheel pendant
Keer,Leo North,"8am-2pm, 4pm-7:15pm, 10:15pm-12am",perfect sphere of fire candle
Keer,Ghost Theater,4-7pm (last entry at 6:45pm),limelight
Keer,Kisa V'noth,9:30am Sunday,horn of summoning
Keer,summoning the Knights of the Golden Circle,9:45am Sunday,--
Keer,riddle item found?,--,--
Noctara,Buzz Quigley,Contact,--
Noctara,Bonnie Stillwater,2nd Friday,--
Noctara,Malachi,3rd Friday,--
Noctara,Aleeya Witchborn,4th Friday,list of items
Noctara,Henri LaFontaine,1st Saturday,emerald star
Noctara,Claudette LaFontaine,"12pm-7:15pm, 10:15pm-12am",heart of darkness
Noctara,Korin Peacekeeper,"9am-4pm, 6pm-8pm",mortality dust
Noctara,Julian Valerius,"8:30am-4pm, 6pm-7:15pm",copperstone crown
Noctara,Cat Morse,8am-1pm,none until tomorrow
Noctara,Bailey,"8am-2pm, 4pm-7:15pm, 10:15pm-12am",jester's egg
Noctara,Taylor or Tyler Bradford,"11am-7:15pm, 10:15pm-12am",aventurine shards
Noctara,Edwina Duttmiler,"8:30am-2pm, 10:15pm-12am",amethyst obelisk
Noctara,Ghost Theater,4-7pm (last entry at 6:45pm),limelight
Noctara,Cat Morse,9:15am Sunday,azure riverstone
Noctara,Bonnie Stillwater,9:30am Sunday,--
Noctara,riddle item found?,--,--
P'loa,Julian Valerius,Contact,--
P'loa,Obsidian,2nd Friday,--
P'loa,Fuchsia,3rd Friday,--
P'loa,Jelly,4th Friday,list of items
P'loa,Milo Morningstar,1st Saturday,seekingstone
P'loa,Bonnie Stillwater,"7:45am-10am, 12pm-3pm, 5pm-7:30pm, 10:15pm-12am",none until tomorrow
P'loa,Frost,"8am-3pm, 10:15pm-12am",moonstone shards
P'loa,Kemma Runereader,"8am-3pm, 7:30pm-12am",leatherleaf herb
P'loa,Dimitri,"8am-4pm, 10:15pm-12am",ashes of a lightning-struck oak
P'loa,Alexandra Rayfield,"8am-1pm, 3pm-5pm, 10:15pm-12am",tortoiseshell comb (formerly Elani Edgewater's)
P'loa,Denison Bannister,12pm-7:15pm,flourite crystal
P'loa,Phineas Smirch,"8am-2pm, 10:15pm-12am",shimmerstone orb
P'loa,the Court of Mirrors,4-7pm (last entry at 6:45pm),favor from the Court of Mirrors
P'loa,Atlantis Pendragon (who stays with the party for their party path,10:15am Sunday,--
P'loa,doing the ritual of togethering,10:30am Sunday,--
P'loa,riddle item found?,--,--
Sythwan,Septimus Quill,Contact,--
Sythwan,Acadia Glen,2nd Friday,--
Sythwan,Trina Sunday,3rd Friday,--
Sythwan,Kurt Mills,4th Friday,list of items
Sythwan,Tad Smirch,1st Saturday,riddlestone ring
Sythwan,Valentina,"12pm-7:15pm, 10:15pm-12am",citrine shards
Sythwan,Orlando Fairfax,8am-2pm,eternity pendant
Sythwan,Kullis Toolforger,8am-2pm,ashes from an ancient fire
Sythwan,Alonzo Glen,"8am-2pm, 4pm-7pm, 10:15pm-12am",none until tomorrow
Sythwan,Clara Newbury,"8am-9am, 11am-5pm, 10:15pm-12am",cloudite ring
Sythwan,Astrid Holt,10am-4pm,celadon egg
Sythwan,Crabtree,"8am-10am, 2pm-7:15pm",filigree'd mule pendant
Sythwan,Cade Wyatt,4-7pm (last entry at 6:45pm),folly dust
Sythwan,Alonzo Glen,10am Sunday,jeweled chalice
Sythwan,the ghost of Jon Golden and the ghostly chorus,10:15am Sunday,--
Sythwan,riddle item found?,--,--
Uri-Kesh,Cat Morse,Contact,--
Uri-Kesh,Tad Smirch,2nd Friday,--
Uri-Kesh,Sergei,3rd Friday,--
Uri-Kesh,Esmerelda,4th Friday,list of items
Uri-Kesh,Leo North,1st Saturday,silver shield pendant
Uri-Kesh,Dylan Underhill,"12pm-7:15pm, 10:15pm-12am",none until tomorrow
Uri-Kesh,Christophe Valerius,8am-12pm,cryptstone brandy cork
Uri-Kesh,Kazim Firestarter,"10am-4pm, 6pm-8pm, 10pm-12am",pendant set with a fire gem
Uri-Kesh,Ursula Smirch,"8am-10am, 2pm-7:15pm, 10:15pm-12am",love potion in a fancy bottle
Uri-Kesh,Jules Frank,"8am-4pm, 10:15pm-12am",gilded conchshell
Uri-Kesh,Obsidian,"8am-11am, 2pm-4pm, 6pm-10pm, 10:15pm-12am",sterling silver heart box
Uri-Kesh,Hazel Hess,"9am-1pm, 3pm-7:15pm, 10:15pm-12am",aquamarine lookingglass
Uri-Kesh,the Court of Mirrors,4-7pm (last entry at 6:45pm),favor from the Court of Mirrors
Uri-Kesh,Dylan Underhill,10:15am Sunday,callibogus rum
Uri-Kesh,Esmerelda,10:30am Sunday,--
Uri-Kesh,riddle item found?,--,--
Waylon,Christophe Valerius,Contact,--
Waylon,Beckett Knightsbridge,2nd Friday,--
Waylon,Orlando Fairfax,3rd Friday,--
Waylon,Aruna Valerius,4th Friday,list of items
Waylon,Velveeta,1st Saturday,eternity mirror
Waylon,Malachi,"8am-2pm, 5:30pm-7:15pm, 10:15pm-12am",smokestone jar
Waylon,Buzz Quigley,"8am-2pm, 10:15pm-12am",agate orb
Waylon,Kovi Woundtender,"8am-3pm, 10pm-12am",bloodroot essence
Waylon,Ophelia Glen,"8:30am-11am, 3pm-8pm",water from the Talian Sea
Waylon,Rosalie McPhee,"10am-2pm, 4pm-7:15pm",jade egg
Waylon,Ray Mulligan,"8am-9am, 1pm-7:15pm, 10:15pm-12am",none until tomorrow
Waylon,Jack Brigham,"11am-3pm, 5pm-7:15pm",skull cup
Waylon,Cade Wyatt,4-7pm (last entry at 6:45pm),folly dust
Waylon,Ray Mulligan,9:30am Sunday,elderberry wine
Waylon,giving the Testimony wine to Ursula Smirch,9:45am Sunday,--
Waylon,riddle item found?,--,--
